business_name,sector,location,annual_revenue,employee_count,years_in_business,monthly_spend_estimate,review_count,google_rating,review_text,news_text
TechNova Solutions,Technology,San Francisco CA,8500000,45,7,95000,234,4.7,"Excellent software company, amazing customer support, innovative products, highly recommend their cloud services","TechNova raises $12M Series B funding, expanding to enterprise market, strong growth trajectory"
MedCore Systems,Healthcare,Boston MA,12000000,78,12,140000,189,4.5,"Top-notch medical software, reliable systems, great implementation team, trusted by hospitals","MedCore wins FDA approval for new diagnostic tool, partners with major hospital network"
RetailEdge Inc,Retail,New York NY,3200000,28,5,42000,456,4.2,"Good inventory management, helpful staff, some delivery delays but overall positive experience","RetailEdge expanding to 3 new cities, announces omnichannel strategy for 2024"
FinBridge Capital,Finance,Chicago IL,25000000,156,18,320000,78,4.8,"Outstanding financial advisory services, very professional team, excellent ROI for clients","FinBridge Capital manages record $2B AUM, recognized as top emerging fund manager"
CloudAxis Corp,Technology,Seattle WA,6700000,52,6,78000,312,4.6,"Great cloud infrastructure product, responsive support, occasional downtime but quickly resolved","CloudAxis partners with AWS, launches new AI-powered analytics dashboard"
GreenLeaf Organics,Retail,Austin TX,1800000,23,4,22000,567,4.4,"Love their organic products, fresh delivery, slightly pricey but worth it, great packaging","GreenLeaf Organics wins sustainability award, expanding farm-to-table distribution"
Horizon Manufacturing,Manufacturing,Dallas TX,15000000,210,22,180000,45,3.9,"Solid manufacturing partner, good quality control, sometimes slow on custom orders","Horizon Manufacturing secures $8M government contract for defense components"
Catalyst Consulting,Professional Services,Washington DC,4500000,31,9,55000,123,4.3,"Very strategic consulting team, helped us achieve 35% efficiency gain, professional and punctual","Catalyst Consulting named to Consulting Magazine top 25 small firms list"
BlueStar Hotels,Hospitality,Miami FL,9200000,187,15,95000,1245,4.1,"Beautiful properties, attentive staff, rooms need minor updates, great location and amenities","BlueStar Hotels acquires 2 new properties in Caribbean, reports record summer occupancy"
PharmaLink Solutions,Healthcare,Chicago IL,31000000,245,20,380000,34,4.6,"Industry-leading pharmaceutical logistics, cold chain excellence, regulatory compliance experts","PharmaLink expands cold chain network, signs exclusive deal with top 5 pharma companies"
SolarPath Energy,Manufacturing,Phoenix AZ,7800000,67,8,88000,234,4.4,"Reliable solar installation, excellent after-service, reduced our energy costs by 40%","SolarPath Energy wins $15M utility-scale project, expanding residential division"
DataSync Analytics,Technology,New York NY,5100000,38,5,61000,156,4.5,"Powerful analytics platform, integrates well with existing tools, excellent customer success team","DataSync raises Series A, announces real-time data processing capabilities launch"
Mesa Logistics,Logistics,Houston TX,19000000,345,16,220000,89,3.7,"Reliable freight forwarding, competitive rates, tracking system needs improvement","Mesa Logistics acquires regional carrier, expands last-mile delivery operations"
VitaCare Clinics,Healthcare,Los Angeles CA,6300000,89,10,72000,678,4.6,"Compassionate care, modern facilities, appointment scheduling could be better, great doctors","VitaCare opens 3 new clinics, partners with major insurance providers for expanded coverage"
NexGen Software,Technology,Austin TX,2900000,22,3,35000,89,4.2,"Promising startup, good product roadmap, early stage but growing fast, good support team","NexGen Software accepted into Y Combinator, closes $3M seed round from top VCs"
